SMILES,SMILES_1_atom,SMILES_2_atom,SMILES_3_atom,SMILES_1,SMILES_2,SMILES_3,tg,SMILES_1_location,SMILES_2_location,SMILES_3_location
C=CC(=O)OCc1ccccc1,"[6, 7, 8, 9, 10, 11]","[2, 4, 5]","[0, 1]",[cH]1:[cH]:[c]:[cH]:[cH]:[cH]:1,[C]-[O]-[CH2],[CH2]=[CH],279,main_chain,not_benzene,not_benzene
C=CC(=O)Oc2ccc(c1ccccc1)cc2,"[5, 6, 7, 8, 15, 16]","[0, 1]","[1, 2, 3, 4]",[cH]1:[cH]:[c]:[cH]:[cH]:[c]:1,[CH2]=[CH],[CH]-[C](=[O])-[O],383,main_chain,not_benzene,not_benzene
CCCCOC(=O)C=C,"[3, 4, 5]","[7, 8]","[1, 2, 3]",[C]-[O]-[CH2],[CH]=[CH2],[CH2]-[CH2]-[CH2],219,not_benzene,not_benzene,not_benzene
CC(OC(=O)C=C)CC,"[1, 2, 3]","[5, 6]","[2, 3, 4, 5]",[C]-[O]-[CH],[CH]=[CH2],[CH]-[C](=[O])-[O],250,not_benzene,not_benzene,not_benzene
C=CC(=O)Oc1ccccc1C(C)(C)C,"[5, 6, 7, 8, 9, 10]","[0, 1]","[1, 2, 3, 4]",[cH]1:[cH]:[c]:[c]:[cH]:[cH]:1,[CH2]=[CH],[CH]-[C](=[O])-[O],345,main_chain,not_benzene,not_benzene
C=CC(=O)Oc1ccc(C(C)(C)C)cc1,"[5, 6, 7, 8, 13, 14]","[0, 1]","[1, 2, 3, 4]",[cH]1:[cH]:[c]:[cH]:[cH]:[c]:1,[CH2]=[CH],[CH]-[C](=[O])-[O],344,main_chain,not_benzene,not_benzene
C=CC(=O)Oc1ccc(C#N)cc1,"[5, 6, 7, 8, 11, 12]","[9, 10]","[0, 1]",[cH]1:[cH]:[c]:[cH]:[cH]:[c]:1,[C]#[N],[CH2]=[CH],317,main_chain,not_benzene,not_benzene
C=CC(=O)OCC(C)C#N,"[8, 9]","[2, 4, 5]","[6, 8, 9]",[C]#[N],[C]-[O]-[CH2],[CH]-[C]#[N],324,not_benzene,not_benzene,not_benzene
C=CC(=O)OCCC#N,"[7, 8]","[2, 4, 5]","[6, 7, 8]",[C]#[N],[C]-[O]-[CH2],[CH2]-[C]#[N],277,not_benzene,not_benzene,not_benzene
C=CC(=O)OCCCCCCC#N,"[11, 12]","[2, 4, 5]","[10, 11, 12]",[C]#[N],[C]-[O]-[CH2],[CH2]-[C]#[N],358,not_benzene,not_benzene,not_benzene
C=CC(=O)OC(C)C#N,"[7, 8]","[2, 4, 5]","[5, 7, 8]",[C]#[N],[C]-[O]-[CH],[CH]-[C]#[N],339,not_benzene,not_benzene,not_benzene
C=CC(=O)OCC(C)C(C)CC,"[2, 4, 5]","[0, 1]","[1, 2, 3, 4]",[C]-[O]-[CH2],[CH2]=[CH],[CH]-[C](=[O])-[O],258,not_benzene,not_benzene,not_benzene
CCCCCCCCCCCCOC(=O)C(=C)C,"[11, 12, 13]","[15, 16]","[1, 2, 3, 4, 5]",[C]-[O]-[CH2],[C]=[CH2],[CH2]-[CH2]-[CH2]-[CH2]-[CH2],270,not_benzene,not_benzene,not_benzene
C=CC(=O)Oc1ccccc1C(=O)OCC,"[5, 6, 7, 8, 9, 10]","[0, 1]","[1, 2, 3, 4]",[cH]1:[cH]:[c]:[c]:[cH]:[cH]:1,[CH2]=[CH],[CH]-[C](=[O])-[O],303,main_chain,not_benzene,not_benzene
C=CC(=O)Oc1cccc(C(=O)OCC)c1,"[5, 6, 7, 8, 9, 15]","[0, 1]","[1, 2, 3, 4]",[cH]1:[cH]:[c]:[cH]:[c]:[cH]:1,[CH2]=[CH],[CH]-[C](=[O])-[O],297,main_chain,not_benzene,not_benzene
C=CC(=O)OCCCOCC,"[2, 4, 5]","[0, 1]","[5, 6, 7]",[C]-[O]-[CH2],[CH2]=[CH],[CH2]-[CH2]-[CH2],218,not_benzene,not_benzene,not_benzene
CCOC(=O)C=C,"[1, 2, 3]","[5, 6]","[2, 3, 4, 5]",[C]-[O]-[CH2],[CH]=[CH2],[CH]-[C](=[O])-[O],249,not_benzene,not_benzene,not_benzene
C=CC(=O)OF,"[2, 4, 5]","[0, 1]","[1, 2, 3, 4]",[C]-[O]-[F],[CH2]=[CH],[CH]-[C](=[O])-[O],288,not_benzene,not_benzene,not_benzene
C=CC(=O)OC(F)(F)C(F)(F)C(F)(F)C(F)(F)F,"[2, 4, 5]","[0, 1]","[1, 2, 3, 4]",[C]-[O]-[C],[CH2]=[CH],[CH]-[C](=[O])-[O],243,not_benzene,not_benzene,not_benzene
C=CC(=O)OCC(F)(F)C(F)(F)C(=O)C(F)(F)F,"[2, 4, 5]","[0, 1]","[1, 2, 3, 4]",[C]-[O]-[CH2],[CH2]=[CH],[CH]-[C](=[O])-[O],218,not_benzene,not_benzene,not_benzene
C=CC(=O)OC(F)(C(F)(F)F)C(F)(F)F,"[2, 4, 5]","[0, 1]","[1, 2, 3, 4]",[C]-[O]-[C],[CH2]=[CH],[CH]-[C](=[O])-[O],283,not_benzene,not_benzene,not_benzene
C=CC(=O)OC(C)CCCCC,"[2, 4, 5]","[0, 1]","[7, 8, 9]",[C]-[O]-[CH],[CH2]=[CH],[CH2]-[CH2]-[CH2],235,not_benzene,not_benzene,not_benzene
CCCCCCOC(=O)C=C,"[5, 6, 7]","[9, 10]","[1, 2, 3, 4, 5]",[C]-[O]-[CH2],[CH]=[CH2],[CH2]-[CH2]-[CH2]-[CH2]-[CH2],308,not_benzene,not_benzene,not_benzene
C=CC(=O)OCCCCCC,"[2, 4, 5]","[0, 1]","[5, 6, 7, 8, 9]",[C]-[O]-[CH2],[CH2]=[CH],[CH2]-[CH2]-[CH2]-[CH2]-[CH2],216,not_benzene,not_benzene,not_benzene
C=CC(=O)OCC(C)C,"[2, 4, 5]","[0, 1]","[1, 2, 3, 4]",[C]-[O]-[CH2],[CH2]=[CH],[CH]-[C](=[O])-[O],249,not_benzene,not_benzene,not_benzene
C=CC(=O)OCC(C)OC,"[2, 4, 5]","[0, 1]","[1, 2, 3, 4]",[C]-[O]-[CH2],[CH2]=[CH],[CH]-[C](=[O])-[O],217,not_benzene,not_benzene,not_benzene
C=CC(=O)Oc1cccc(C(=O)OC)c1,"[5, 6, 7, 8, 9, 14]","[0, 1]","[1, 2, 3, 4]",[cH]1:[cH]:[c]:[cH]:[c]:[cH]:1,[CH2]=[CH],[CH]-[C](=[O])-[O],311,main_chain,not_benzene,not_benzene
C=CC(=O)Oc1ccc(C(=O)OC)cc1,"[5, 6, 7, 8, 13, 14]","[0, 1]","[1, 2, 3, 4]",[cH]1:[cH]:[c]:[cH]:[cH]:[c]:1,[CH2]=[CH],[CH]-[C](=[O])-[O],340,main_chain,not_benzene,not_benzene
C=CC(=O)Oc1ccc(OC)cc1,"[5, 6, 7, 8, 11, 12]","[0, 1]","[1, 2, 3, 4]",[cH]1:[cH]:[c]:[cH]:[cH]:[c]:1,[CH2]=[CH],[CH]-[C](=[O])-[O],324,main_chain,not_benzene,not_benzene
C=CC(=O)Oc1ccc(CCCOC)cc1,"[5, 6, 7, 8, 14, 15]","[0, 1]","[9, 10, 11]",[cH]1:[cH]:[c]:[cH]:[cH]:[c]:1,[CH2]=[CH],[CH2]-[CH2]-[CH2],198,main_chain,not_benzene,not_benzene
C=CC(=O)OCC(C)CC,"[2, 4, 5]","[0, 1]","[1, 2, 3, 4]",[C]-[O]-[CH2],[CH2]=[CH],[CH]-[C](=[O])-[O],241,not_benzene,not_benzene,not_benzene
C=CC(=O)OCCC(C)C,"[2, 4, 5]","[0, 1]","[1, 2, 3, 4]",[C]-[O]-[CH2],[CH2]=[CH],[CH]-[C](=[O])-[O],228,not_benzene,not_benzene,not_benzene
C=CC(=O)OCC(C)CCC,"[2, 4, 5]","[0, 1]","[1, 2, 3, 4]",[C]-[O]-[CH2],[CH2]=[CH],[CH]-[C](=[O])-[O],235,not_benzene,not_benzene,not_benzene
C=CC(=O)Oc2ccc1ccccc1c2,"[5, 6, 7, 8, 13, 14]","[0, 1]","[1, 2, 3, 4]",[cH]1:[cH]:[c]:[cH]:[c]:[c]:1,[CH2]=[CH],[CH]-[C](=[O])-[O],358,main_chain,not_benzene,not_benzene
C=CC(=O)OCC(F)(F)C(F)(F)C(=O)C(F)(F)C(F)(F)F,"[2, 4, 5]","[0, 1]","[1, 2, 3, 4]",[C]-[O]-[CH2],[CH2]=[CH],[CH]-[C](=[O])-[O],224,not_benzene,not_benzene,not_benzene
C=CC(=O)OCC(F)(F)C(F)(F)C(F)(F)C(F)(F)F,"[2, 4, 5]","[0, 1]","[1, 2, 3, 4]",[C]-[O]-[CH2],[CH2]=[CH],[CH]-[C](=[O])-[O],236,not_benzene,not_benzene,not_benzene
C=CC(=O)OCC(F)(F)C(F)(F)C(F)(F)C(F)F,"[2, 4, 5]","[0, 1]","[1, 2, 3, 4]",[C]-[O]-[CH2],[CH2]=[CH],[CH]-[C](=[O])-[O],238,not_benzene,not_benzene,not_benzene
C=CC(=O)OCC(F)(F)C(F)(F)F,"[2, 4, 5]","[0, 1]","[1, 2, 3, 4]",[C]-[O]-[CH2],[CH2]=[CH],[CH]-[C](=[O])-[O],247,not_benzene,not_benzene,not_benzene
C=CC(=O)OC(CC)CC,"[2, 4, 5]","[0, 1]","[1, 2, 3, 4]",[C]-[O]-[CH],[CH2]=[CH],[CH]-[C](=[O])-[O],267,not_benzene,not_benzene,not_benzene
CC(=C)C(=O)OCCc1ccccc1,"[8, 9, 10, 11, 12, 13]","[3, 5, 6]","[1, 2]",[cH]1:[cH]:[c]:[cH]:[cH]:[cH]:1,[C]-[O]-[CH2],[C]=[CH2],270,main_chain,not_benzene,not_benzene
CCCOC(=O)C=C,"[2, 3, 4]","[6, 7]","[3, 4, 5, 6]",[C]-[O]-[CH2],[CH]=[CH2],[CH]-[C](=[O])-[O],236,not_benzene,not_benzene,not_benzene
C=CC(=O)OCCCCCCCCCCCCCC,"[2, 4, 5]","[0, 1]","[5, 6, 7, 8, 9]",[C]-[O]-[CH2],[CH2]=[CH],[CH2]-[CH2]-[CH2]-[CH2]-[CH2],297,not_benzene,not_benzene,not_benzene
C=CC(=O)OCCC(=O)C(F)(F)C(F)F,"[2, 4, 5]","[0, 1]","[1, 2, 3, 4]",[C]-[O]-[CH2],[CH2]=[CH],[CH]-[C](=[O])-[O],251,not_benzene,not_benzene,not_benzene
C=CC(=O)Oc1cccc(C)c1,"[5, 6, 7, 8, 9, 11]","[0, 1]","[1, 2, 3, 4]",[cH]1:[cH]:[c]:[cH]:[c]:[cH]:1,[CH2]=[CH],[CH]-[C](=[O])-[O],298,main_chain,not_benzene,not_benzene
C=CC(=O)Oc1ccccc1C,"[5, 6, 7, 8, 9, 10]","[0, 1]","[1, 2, 3, 4]",[cH]1:[cH]:[c]:[c]:[cH]:[cH]:1,[CH2]=[CH],[CH]-[C](=[O])-[O],325,main_chain,not_benzene,not_benzene
C=CC(=O)OCC(F)(F)F,"[2, 4, 5]","[0, 1]","[1, 2, 3, 4]",[C]-[O]-[CH2],[CH2]=[CH],[CH]-[C](=[O])-[O],263,not_benzene,not_benzene,not_benzene
C=CC(=O)OCCC(=O)CC(F)(F)F,"[2, 4, 5]","[0, 1]","[1, 2, 3, 4]",[C]-[O]-[CH2],[CH2]=[CH],[CH]-[C](=[O])-[O],235,not_benzene,not_benzene,not_benzene
C=CC(=O)OCC(F)(F)C(F)(F)C(=O)C(F)(F)C(F)(F)C(F)(F)C(F)(F)F,"[2, 4, 5]","[0, 1]","[1, 2, 3, 4]",[C]-[O]-[CH2],[CH2]=[CH],[CH]-[C](=[O])-[O],205,not_benzene,not_benzene,not_benzene
C=CC(=O)OCC(F)(F)C(F)(F)C(F)(F)C(F)(F)C(F)(F)F,"[2, 4, 5]","[0, 1]","[1, 2, 3, 4]",[C]-[O]-[CH2],[CH2]=[CH],[CH]-[C](=[O])-[O],234,not_benzene,not_benzene,not_benzene
C=CC(=O)Oc1ccc(C(=O)OCCCC)cc1,"[5, 6, 7, 8, 16, 17]","[0, 1]","[12, 13, 14]",[cH]1:[cH]:[c]:[cH]:[cH]:[c]:1,[CH2]=[CH],[CH2]-[CH2]-[CH2],286,main_chain,not_benzene,not_benzene
C=CC(=O)OCCOCC,"[2, 4, 5]","[0, 1]","[1, 2, 3, 4]",[C]-[O]-[CH2],[CH2]=[CH],[CH]-[C](=[O])-[O],223,not_benzene,not_benzene,not_benzene
C=CC(=O)OCCC(=O)CC(F)(F)C(F)(F)C(F)(F)F,"[2, 4, 5]","[0, 1]","[1, 2, 3, 4]",[C]-[O]-[CH2],[CH2]=[CH],[CH]-[C](=[O])-[O],228,not_benzene,not_benzene,not_benzene
C=CC(=O)OCCCC#N,"[8, 9]","[2, 4, 5]","[7, 8, 9]",[C]#[N],[C]-[O]-[CH2],[CH2]-[C]#[N],233,not_benzene,not_benzene,not_benzene
C=CC(=O)OCCC(=O)CC#N,"[10, 11]","[2, 4, 5]","[9, 10, 11]",[C]#[N],[C]-[O]-[CH2],[CH2]-[C]#[N],250,not_benzene,not_benzene,not_benzene
C=CC(=O)Oc1cccc(N(C)C)c1,"[5, 6, 7, 8, 9, 13]","[0, 1]","[1, 2, 3, 4]",[cH]1:[cH]:[c]:[cH]:[c]:[cH]:1,[CH2]=[CH],[CH]-[C](=[O])-[O],320,main_chain,not_benzene,not_benzene
C=CC(=O)Oc1ccc(C(=O)OCC)cc1,"[5, 6, 7, 8, 14, 15]","[0, 1]","[1, 2, 3, 4]",[cH]1:[cH]:[c]:[cH]:[cH]:[c]:1,[CH2]=[CH],[CH]-[C](=[O])-[O],310,main_chain,not_benzene,not_benzene
C=CC(=O)OCC(CC)CC,"[2, 4, 5]","[0, 1]","[1, 2, 3, 4]",[C]-[O]-[CH2],[CH2]=[CH],[CH]-[C](=[O])-[O],223,not_benzene,not_benzene,not_benzene
CCCCCCCOC(=O)C=C,"[6, 7, 8]","[10, 11]","[1, 2, 3, 4, 5]",[C]-[O]-[CH2],[CH]=[CH2],[CH2]-[CH2]-[CH2]-[CH2]-[CH2],213,not_benzene,not_benzene,not_benzene
C=CC(=O)OCC(F)(F)C(F)C(F)(F)F,"[2, 4, 5]","[0, 1]","[1, 2, 3, 4]",[C]-[O]-[CH2],[CH2]=[CH],[CH]-[C](=[O])-[O],251,not_benzene,not_benzene,not_benzene
CC(C)OC(=O)C=C,"[1, 3, 4]","[6, 7]","[3, 4, 5, 6]",[C]-[O]-[CH],[CH]=[CH2],[CH]-[C](=[O])-[O],270,not_benzene,not_benzene,not_benzene
C=CC(=O)Oc1ccccc1C(=O)OC,"[5, 6, 7, 8, 9, 10]","[0, 1]","[1, 2, 3, 4]",[cH]1:[cH]:[c]:[c]:[cH]:[cH]:1,[CH2]=[CH],[CH]-[C](=[O])-[O],319,main_chain,not_benzene,not_benzene
CCOCOC(=O)C(=C)C,"[1, 2, 3]","[7, 8]","[4, 5, 6, 7]",[CH2]-[O]-[CH2],[C]=[CH2],[C]-[C](=[O])-[O],223,not_benzene,not_benzene,not_benzene
COC(=O)C=C,"[0, 1, 2]","[4, 5]","[1, 2, 3, 4]",[C]-[O]-[CH3],[CH]=[CH2],[CH]-[C](=[O])-[O],283,not_benzene,not_benzene,not_benzene
C=CC(=O)OCCCCCCCCC,"[2, 4, 5]","[0, 1]","[5, 6, 7, 8, 9]",[C]-[O]-[CH2],[CH2]=[CH],[CH2]-[CH2]-[CH2]-[CH2]-[CH2],215,not_benzene,not_benzene,not_benzene
C=CC(=O)OCCCCC,"[2, 4, 5]","[0, 1]","[5, 6, 7]",[C]-[O]-[CH2],[CH2]=[CH],[CH2]-[CH2]-[CH2],216,not_benzene,not_benzene,not_benzene
CC(=C)C(=O)Oc1ccccc1,"[6, 7, 8, 9, 10, 11]","[1, 2]","[0, 1, 2, 3]",[cH]1:[cH]:[c]:[cH]:[cH]:[cH]:1,[C]=[CH2],[C]-[C](=[CH2])-[CH3],330,main_chain,not_benzene,not_benzene
C=CC(=O)OCCC(=O)CCC(=O)C(F)(F)C(F)F,"[2, 4, 5]","[0, 1]","[1, 2, 3, 4]",[C]-[O]-[CH2],[CH2]=[CH],[CH]-[C](=[O])-[O],233,not_benzene,not_benzene,not_benzene
C=CC(=O)Oc1ccc(C)cc1,"[5, 6, 7, 8, 10, 11]","[0, 1]","[1, 2, 3, 4]",[cH]1:[cH]:[c]:[cH]:[cH]:[c]:1,[CH2]=[CH],[CH]-[C](=[O])-[O],316,main_chain,not_benzene,not_benzene
C=CC(=O)OCC(C#N)CCCCC,"[7, 8]","[2, 4, 5]","[6, 7, 8]",[C]#[N],[C]-[O]-[CH2],[CH]-[C]#[N],389,not_benzene,not_benzene,not_benzene
C=Cc2ccc(C(=O)c1ccccc1)cc2,"[2, 3, 4, 5, 14, 15]","[0, 1]","[6, 7]",[cH]1:[cH]:[c]:[cH]:[cH]:[c]:1,[CH2]=[CH],[C]=[O],371,main_chain,not_benzene,not_benzene
C=Cc1ccccc1C(=O)OCCCC,"[2, 3, 4, 5, 6, 7]","[8, 10, 11]","[0, 1]",[cH]1:[cH]:[c]:[c]:[cH]:[cH]:1,[C]-[O]-[CH2],[CH2]=[CH],339,main_chain,not_benzene,not_benzene
C=Cc1ccc(C(=O)OCCCC)cc1,"[2, 3, 4, 5, 13, 14]","[6, 8, 9]","[0, 1]",[cH]1:[cH]:[c]:[cH]:[cH]:[c]:1,[C]-[O]-[CH2],[CH2]=[CH],349,main_chain,not_benzene,not_benzene
C=Cc1cc(C(C)(C)C)ccc1C,"[2, 3, 4, 9, 10, 11]","[0, 1]","[5, 6]",[c]1:[cH]:[c]:[c]:[cH]:[cH]:1,[CH2]=[CH],[C]-[CH3],360,main_chain,not_benzene,not_benzene
C=Cc1ccc(C(C)CCC)cc1,"[2, 3, 4, 5, 11, 12]","[0, 1]","[6, 7]",[cH]1:[cH]:[c]:[cH]:[cH]:[c]:1,[CH2]=[CH],[CH]-[CH3],359,main_chain,not_benzene,not_benzene
C=Cc1ccc(C(=O)CCC)cc1,"[2, 3, 4, 5, 11, 12]","[0, 1]","[9, 10]",[cH]1:[cH]:[c]:[cH]:[cH]:[c]:1,[CH2]=[CH],[CH2]-[CH3],347,main_chain,not_benzene,not_benzene
C=Cc1ccc(C(=O)N(CC)CC)cc1,"[2, 3, 4, 5, 13, 14]","[0, 1]","[9, 10]",[cH]1:[cH]:[c]:[cH]:[cH]:[c]:1,[CH2]=[CH],[CH2]-[CH3],375,main_chain,not_benzene,not_benzene
C=Cc1ccc(C(=O)OCC)cc1,"[2, 3, 4, 5, 11, 12]","[6, 8, 9]","[0, 1]",[cH]1:[cH]:[c]:[cH]:[cH]:[c]:1,[C]-[O]-[CH2],[CH2]=[CH],367,main_chain,not_benzene,not_benzene
C=Cc1ccccc1CCOC,"[2, 3, 4, 5, 6, 7]","[9, 10, 11]","[0, 1]",[cH]1:[cH]:[c]:[c]:[cH]:[cH]:1,[CH2]-[O]-[CH3],[CH2]=[CH],347,main_chain,not_benzene,not_benzene
C=Cc1ccc(CCOC)cc1,"[2, 3, 4, 5, 10, 11]","[7, 8, 9]","[0, 1]",[cH]1:[cH]:[c]:[cH]:[cH]:[c]:1,[CH2]-[O]-[CH3],[CH2]=[CH],359,main_chain,not_benzene,not_benzene
C=Cc1ccc(C(=O)CCCCC)cc1,"[2, 3, 4, 5, 13, 14]","[0, 1]","[8, 9, 10]",[cH]1:[cH]:[c]:[cH]:[cH]:[c]:1,[CH2]=[CH],[CH2]-[CH2]-[CH2],339,main_chain,not_benzene,not_benzene
C=Cc1ccccc1C(=O)OCCCCCC,"[2, 3, 4, 5, 6, 7]","[8, 10, 11]","[0, 1]",[cH]1:[cH]:[c]:[c]:[cH]:[cH]:1,[C]-[O]-[CH2],[CH2]=[CH],318,main_chain,not_benzene,not_benzene
C=Cc1ccc(C(=O)OCCCCCC)cc1,"[2, 3, 4, 5, 15, 16]","[6, 8, 9]","[0, 1]",[cH]1:[cH]:[c]:[cH]:[cH]:[c]:1,[C]-[O]-[CH2],[CH2]=[CH],339,main_chain,not_benzene,not_benzene
C=Cc1ccc(COCC(O)CC)cc1,"[2, 3, 4, 5, 13, 14]","[6, 7, 8]","[0, 1]",[cH]1:[cH]:[c]:[cH]:[cH]:[c]:1,[CH2]-[O]-[CH2],[CH2]=[CH],319,main_chain,not_benzene,not_benzene
C=Cc2ccc(/C(Cc1ccccc1)=N/O)cc2,"[2, 3, 4, 5, 16, 17]","[0, 1]","[0, 1, 2, 3, 4, 5, 16, 17]",[cH]1:[cH]:[c]:[cH]:[cH]:[c]:1,[CH2]=[CH],[CH2]=[CH]-[c]1:[cH]:[cH]:[c]:[cH]:[cH]:1,384,main_chain,not_benzene,main_chain
C=Cc1ccc(C(=O)OCC(C)C)cc1,"[2, 3, 4, 5, 13, 14]","[6, 8, 9]","[0, 1]",[cH]1:[cH]:[c]:[cH]:[cH]:[c]:1,[C]-[O]-[CH2],[CH2]=[CH],363,main_chain,not_benzene,not_benzene
C=Cc1ccccc1C(=O)OCC(C)(C)C,"[2, 3, 4, 5, 6, 7]","[8, 10, 11]","[0, 1]",[cH]1:[cH]:[c]:[c]:[cH]:[cH]:1,[C]-[O]-[CH2],[CH2]=[CH],341,main_chain,not_benzene,not_benzene
C=Cc1ccccc1COCC(C)(C)C,"[2, 3, 4, 5, 6, 7]","[8, 9, 10]","[0, 1]",[cH]1:[cH]:[c]:[c]:[cH]:[cH]:1,[CH2]-[O]-[CH2],[CH2]=[CH],351,main_chain,not_benzene,not_benzene
C=Cc1ccc(C(=O)OC(C)C)cc1,"[2, 3, 4, 5, 12, 13]","[6, 8, 9]","[0, 1]",[cH]1:[cH]:[c]:[cH]:[cH]:[c]:1,[C]-[O]-[CH],[CH2]=[CH],368,main_chain,not_benzene,not_benzene
C=Cc1ccccc1COC(C)C,"[2, 3, 4, 5, 6, 7]","[8, 9, 10]","[0, 1]",[cH]1:[cH]:[c]:[c]:[cH]:[cH]:1,[CH2]-[O]-[CH],[CH2]=[CH],361,main_chain,not_benzene,not_benzene
C=Cc1ccc(COC)cc1,"[2, 3, 4, 5, 9, 10]","[6, 7, 8]","[0, 1]",[cH]1:[cH]:[c]:[cH]:[cH]:[c]:1,[CH2]-[O]-[CH3],[CH2]=[CH],350,main_chain,not_benzene,not_benzene
C=Cc1ccc(C(=O)CCCCCCC)cc1,"[2, 3, 4, 5, 15, 16]","[0, 1]","[8, 9, 10, 11, 12]",[cH]1:[cH]:[c]:[cH]:[cH]:[c]:1,[CH2]=[CH],[CH2]-[CH2]-[CH2]-[CH2]-[CH2],323,main_chain,not_benzene,not_benzene
C=Cc2ccc(C(=O)Cc1ccccc1)cc2,"[2, 3, 4, 5, 15, 16]","[0, 1]","[6, 7]",[cH]1:[cH]:[c]:[cH]:[cH]:[c]:1,[CH2]=[CH],[C]=[O],351,main_chain,not_benzene,not_benzene
C=Cc1ccc(C(=O)OCCC)cc1,"[2, 3, 4, 5, 12, 13]","[6, 8, 9]","[0, 1]",[cH]1:[cH]:[c]:[cH]:[cH]:[c]:1,[C]-[O]-[CH2],[CH2]=[CH],365,main_chain,not_benzene,not_benzene
C=Cc1ccc(OCCC)cc1,"[2, 3, 4, 5, 10, 11]","[0, 1]","[8, 9]",[cH]1:[cH]:[c]:[cH]:[cH]:[c]:1,[CH2]=[CH],[CH2]-[CH3],343,main_chain,not_benzene,not_benzene
C=Cc2ccc(c1ccc(C)cc1)cc2,"[2, 3, 4, 5, 13, 14]","[0, 1]","[0, 1, 2, 3, 4, 5, 13, 14]",[cH]1:[cH]:[c]:[cH]:[cH]:[c]:1,[CH2]=[CH],[CH2]=[CH]-[c]1:[cH]:[cH]:[c]:[cH]:[cH]:1,372,main_chain,not_benzene,main_chain
C=Cc1ccc(C(=O)CCCC)cc1,"[2, 3, 4, 5, 12, 13]","[0, 1]","[8, 9, 10]",[cH]1:[cH]:[c]:[cH]:[cH]:[c]:1,[CH2]=[CH],[CH2]-[CH2]-[CH2],343,main_chain,not_benzene,not_benzene
C=Cc2ccc(Cc1ccc(OC)cc1)cc2,"[2, 3, 4, 5, 15, 16]","[0, 1]","[11, 12]",[cH]1:[cH]:[c]:[cH]:[cH]:[c]:1,[CH2]=[CH],[CH3]-[O],376,main_chain,not_benzene,not_benzene
C=Cc1ccc(C(C)(O)CCCCC)cc1,"[2, 3, 4, 5, 14, 15]","[0, 1]","[9, 10, 11]",[cH]1:[cH]:[c]:[cH]:[cH]:[c]:1,[CH2]=[CH],[CH2]-[CH2]-[CH2],364,main_chain,not_benzene,not_benzene
C=Cc1ccc(OC)cc1C,"[2, 3, 4, 5, 8, 9]","[0, 1]","[6, 7]",[cH]1:[cH]:[c]:[c]:[cH]:[c]:1,[CH2]=[CH],[CH3]-[O],358,main_chain,not_benzene,not_benzene
C=Cc1ccccc1OC,"[2, 3, 4, 5, 6, 7]","[0, 1]","[8, 9]",[cH]1:[cH]:[c]:[c]:[cH]:[cH]:1,[CH2]=[CH],[CH3]-[O],348,main_chain,not_benzene,not_benzene
C=Cc2ccc(Oc1ccccc1)cc2,"[2, 3, 4, 5, 13, 14]","[0, 1]","[0, 1, 2, 3, 4, 5, 13, 14]",[cH]1:[cH]:[c]:[cH]:[cH]:[c]:1,[CH2]=[CH],[CH2]=[CH]-[c]1:[cH]:[cH]:[c]:[cH]:[cH]:1,373,main_chain,not_benzene,main_chain
C=Cc1ccccc1,"[2, 3, 4, 5, 6, 7]","[0, 1]","[0, 1, 2, 3, 4, 5, 6, 7]",[cH]1:[cH]:[c]:[cH]:[cH]:[cH]:1,[CH2]=[CH],[CH2]=[CH]-[c]1:[cH]:[cH]:[cH]:[cH]:[cH]:1,373,main_chain,not_benzene,main_chain
C=Cc1ccc(cc1)F,"[2, 3, 4, 5, 6, 7]","[0, 1]","[0, 1, 2, 3, 4, 5, 6, 7]",[cH]1:[cH]:[c]:[cH]:[cH]:[c]:1,[CH2]=[CH],[CH2]=[CH]-[c]1:[cH]:[cH]:[c]:[cH]:[cH]:1,376,main_chain,not_benzene,main_chain
C=Cc1cc(F)ccc1F,"[2, 3, 4, 6, 7, 8]","[0, 1]","[0, 1, 2, 3, 4, 6, 7, 8]",[c]1:[cH]:[c]:[c]:[cH]:[cH]:1,[CH2]=[CH],[CH2]=[CH]-[c]1:[cH]:[c]:[cH]:[cH]:[c]:1,374,main_chain,not_benzene,main_chain
OC(=O)C=C,"[3, 4]","[0, 1, 2, 3]","[1, 2]",[CH]=[CH2],[CH]-[C](=[O])-[OH],[C]=[O],374,not_benzene,not_benzene,not_benzene
FC(F)C(F)(F)COC(=O)C(=C),"[6, 7, 8]","[10, 11]","[7, 8, 9, 10]",[C]-[O]-[CH2],[CH]=[CH2],[CH]-[C](=[O])-[O],249,not_benzene,not_benzene,not_benzene
C=CC(=O)OC(C)(C)C,"[2, 4, 5]","[0, 1]","[1, 2, 3, 4]",[C]-[O]-[C],[CH2]=[CH],[CH]-[C](=[O])-[O],311,not_benzene,not_benzene,not_benzene
CCCCCCCCCCCCCCCCCCCCCCCCCCOC(=O)C=C,"[25, 26, 27]","[29, 30]","[1, 2, 3, 4, 5]",[C]-[O]-[CH2],[CH]=[CH2],[CH2]-[CH2]-[CH2]-[CH2]-[CH2],311,not_benzene,not_benzene,not_benzene
CCCCCCCCOC(=O)C=C,"[7, 8, 9]","[11, 12]","[1, 2, 3, 4, 5]",[C]-[O]-[CH2],[CH]=[CH2],[CH2]-[CH2]-[CH2]-[CH2]-[CH2],208,not_benzene,not_benzene,not_benzene
CCCCC(COC(=O)C=C)CC,"[5, 6, 7]","[9, 10]","[1, 2, 3]",[C]-[O]-[CH2],[CH]=[CH2],[CH2]-[CH2]-[CH2],221,not_benzene,not_benzene,not_benzene
C=CC(=O)OC1CCCCC1,"[2, 4, 5]","[0, 1]","[1, 2, 3, 4]",[C]-[O]-[CH],[CH2]=[CH],[CH]-[C](=[O])-[O],289,not_benzene,not_benzene,not_benzene
C=CC(=O)OCC#N,"[6, 7]","[2, 4, 5]","[5, 6, 7]",[C]#[N],[C]-[O]-[CH2],[CH2]-[C]#[N],296,not_benzene,not_benzene,not_benzene
C=CC(=O)NC(C)(C)C,"[0, 1]","[1, 2, 3, 4]","[5, 6]",[CH2]=[CH],[CH]-[C](-[NH])=[O],[C]-[CH3],401,not_benzene,not_benzene,not_benzene
CCCCCCCCNC(=O)C=C,"[11, 12]","[1, 2, 3, 4, 5]","[1, 2, 3]",[CH]=[CH2],[CH2]-[CH2]-[CH2]-[CH2]-[CH2],[CH2]-[CH2]-[CH2],220,not_benzene,not_benzene,not_benzene
C=CC(=O)NC(C)C,"[0, 1]","[1, 2, 3, 4]","[5, 6]",[CH2]=[CH],[CH]-[C](-[NH])=[O],[CH]-[CH3],403,not_benzene,not_benzene,not_benzene
OC(=N)C=C,"[3, 4]","[0, 1, 2, 3]","[0, 1, 2, 3, 4]",[CH]=[CH2],[CH]-[C](=[NH])-[OH],[CH2]=[CH]-[C](=[NH])-[OH],438,not_benzene,not_benzene,not_benzene
C=CC#N,"[2, 3]","[1, 2, 3]","[0, 1]",[C]#[N],[CH]-[C]#[N],[CH2]=[CH],383,not_benzene,not_benzene,not_benzene
CC(=C)C#N,"[3, 4]","[1, 3, 4]","[1, 2]",[C]#[N],[C]-[C]#[N],[C]=[CH2],388,not_benzene,not_benzene,not_benzene
CCCCOC(=O)C(=C)C#N,"[9, 10]","[3, 4, 5]","[7, 9, 10]",[C]#[N],[C]-[O]-[CH2],[C]-[C]#[N],374,not_benzene,not_benzene,not_benzene
CCCCCCCCOC(=O)C(=C)C#N,"[13, 14]","[7, 8, 9]","[11, 13, 14]",[C]#[N],[C]-[O]-[CH2],[C]-[C]#[N],322,not_benzene,not_benzene,not_benzene
CCCCCCOC(=O)C(=C)C#N,"[11, 12]","[5, 6, 7]","[9, 11, 12]",[C]#[N],[C]-[O]-[CH2],[C]-[C]#[N],359,not_benzene,not_benzene,not_benzene
FC(=C)F,"[1, 2]","[0, 1, 2, 3]","[0, 1]",[C]=[CH2],[CH2]=[C](-[F])-[F],[C]-[F],242,not_benzene,not_benzene,not_benzene
FC(=C(F)F)Cl,"[0, 1, 2, 5]","[1, 2, 3, 4]","[1, 5]",[C]=[C](-[F])-[Cl],[C]=[C](-[F])-[F],[C]-[Cl],360,not_benzene,not_benzene,not_benzene
OC(=O)c1ccc(cc1)C(=O)O.OCCCO,"[3, 4, 5, 6, 7, 8]","[13, 14, 15]","[1, 2]",[cH]1:[cH]:[c]:[cH]:[cH]:[c]:1,[CH2]-[CH2]-[CH2],[C]=[O],327,side_chain,not_benzene,not_benzene
OC(=O)CCC(=O)O.OCCCO,"[9, 10, 11]","[0, 1, 2, 3]","[1, 2]",[CH2]-[CH2]-[CH2],[CH2]-[C](=[O])-[OH],[C]=[O],232,not_benzene,not_benzene,not_benzene
OC(=O)CCCCC(=O)O.OCCCO,"[3, 4, 5]","[0, 1, 2, 3]","[1, 2]",[CH2]-[CH2]-[CH2],[CH2]-[C](=[O])-[OH],[C]=[O],215,not_benzene,not_benzene,not_benzene
OC(=O)C(O)C,"[0, 1, 2, 3]","[3, 5]","[1, 2]",[CH]-[C](=[O])-[OH],[CH]-[CH3],[C]=[O],332,not_benzene,not_benzene,not_benzene
O=C1CCCO1,"[0, 1, 2, 5]","[1, 4, 5]","[0, 1]",[CH2]-[C](=[O])-[O],[C]-[O]-[CH2],[C]=[O],221,not_benzene,not_benzene,not_benzene
CC1CC(=O)O1,"[2, 3, 4, 5]","[1, 3, 5]","[0, 1]",[CH2]-[C](=[O])-[O],[C]-[O]-[CH],[CH3]-[CH],276,not_benzene,not_benzene,not_benzene
OC(=O)CCC(=O)O.OCCCCCCO,"[9, 10, 11, 12, 13]","[9, 10, 11]","[0, 1, 2, 3]",[CH2]-[CH2]-[CH2]-[CH2]-[CH2],[CH2]-[CH2]-[CH2],[CH2]-[C](=[O])-[OH],220,not_benzene,not_benzene,not_benzene
OC(=O)CCCCCCCCC(=O)O.OCCCCCCO,"[3, 4, 5, 6, 7]","[3, 4, 5]","[0, 1, 2, 3]",[CH2]-[CH2]-[CH2]-[CH2]-[CH2],[CH2]-[CH2]-[CH2],[CH2]-[C](=[O])-[OH],213,not_benzene,not_benzene,not_benzene
O=C1OCC(=O)OC1,"[0, 1, 2, 7]","[1, 2, 3]","[0, 1]",[CH2]-[C](=[O])-[O],[C]-[O]-[CH2],[C]=[O],312,not_benzene,not_benzene,not_benzene
OC(=O)c1ccc(cc1)C(=O)O.OCCO,"[3, 4, 5, 6, 7, 8]","[1, 2]","[0, 1]",[cH]1:[cH]:[c]:[cH]:[cH]:[c]:1,[C]=[O],[C]-[OH],344,side_chain,not_benzene,not_benzene
OC(=O)c1ccccc1C(=O)O.OCCO,"[3, 4, 5, 6, 7, 8]","[1, 2]","[0, 1]",[cH]1:[cH]:[c]:[c]:[cH]:[cH]:1,[C]=[O],[C]-[OH],297,side_chain,not_benzene,not_benzene
OC(=O)c1ccc2c(c1)ccc(c2)C(=O)O.OCCO,"[3, 4, 5, 6, 7, 8]","[1, 2]","[0, 1]",[cH]1:[cH]:[c]:[cH]:[c]:[c]:1,[C]=[O],[C]-[OH],392,side_chain,not_benzene,not_benzene
OC(=O)c1cccc(c1)C(=O)O.OCCO,"[3, 4, 5, 6, 7, 8]","[1, 2]","[0, 1]",[cH]1:[cH]:[c]:[cH]:[c]:[cH]:1,[C]=[O],[C]-[OH],324,side_chain,not_benzene,not_benzene
OC(=O)CCCCC(=O)O.OCCO,"[3, 4, 5]","[0, 1, 2, 3]","[1, 2]",[CH2]-[CH2]-[CH2],[CH2]-[C](=[O])-[OH],[C]=[O],230,not_benzene,not_benzene,not_benzene
OC(=O)c1ccc(cc1)C(=O)O.OCC1CCC(CC1)CO,"[3, 4, 5, 6, 7, 8]","[1, 2]","[0, 1]",[cH]1:[cH]:[c]:[cH]:[cH]:[c]:1,[C]=[O],[C]-[OH],364,side_chain,not_benzene,not_benzene
O=C1CCCCCO1,"[0, 1, 2, 7]","[1, 6, 7]","[0, 1]",[CH2]-[C](=[O])-[O],[C]-[O]-[CH2],[C]=[O],208,not_benzene,not_benzene,not_benzene
OC(=O)CCC(=O)O.OCCO,"[0, 1, 2, 3]","[1, 2]","[0, 1]",[CH2]-[C](=[O])-[OH],[C]=[O],[C]-[OH],267,not_benzene,not_benzene,not_benzene
OC(=O)CCCCCCCCC(=O)O.OCCO,"[3, 4, 5, 6, 7]","[3, 4, 5]","[0, 1, 2, 3]",[CH2]-[CH2]-[CH2]-[CH2]-[CH2],[CH2]-[CH2]-[CH2],[CH2]-[C](=[O])-[OH],244,not_benzene,not_benzene,not_benzene
OC(=O)c1ccc(cc1)C(=O)O.OCCCCO,"[3, 4, 5, 6, 7, 8]","[13, 14, 15]","[1, 2]",[cH]1:[cH]:[c]:[cH]:[cH]:[c]:1,[CH2]-[CH2]-[CH2],[C]=[O],313,side_chain,not_benzene,not_benzene
OC(=O)CCC(=O)O.OCCCCO,"[9, 10, 11]","[0, 1, 2, 3]","[1, 2]",[CH2]-[CH2]-[CH2],[CH2]-[C](=[O])-[OH],[C]=[O],237,not_benzene,not_benzene,not_benzene
OC(=O)CCCCCCCCC(=O)O.OCCCCO,"[3, 4, 5, 6, 7]","[3, 4, 5]","[0, 1, 2, 3]",[CH2]-[CH2]-[CH2]-[CH2]-[CH2],[CH2]-[CH2]-[CH2],[CH2]-[C](=[O])-[OH],214,not_benzene,not_benzene,not_benzene
OC(=O)c1cccc(c1)C(=O)O.OCCCCO,"[3, 4, 5, 6, 7, 8]","[13, 14, 15]","[1, 2]",[cH]1:[cH]:[c]:[cH]:[c]:[cH]:1,[CH2]-[CH2]-[CH2],[C]=[O],297,side_chain,not_benzene,not_benzene
OC(=O)CCCCC(=O)O.OCCCCO,"[3, 4, 5]","[0, 1, 2, 3]","[1, 2]",[CH2]-[CH2]-[CH2],[CH2]-[C](=[O])-[OH],[C]=[O],202,not_benzene,not_benzene,not_benzene
OC(=O)c1ccc(cc1)C(=O)O.Oc1ccc(cc1)C(C)(C)c2ccc(cc2)O,"[3, 4, 5, 6, 7, 8]","[12, 13, 14, 15, 16, 17, 18]","[19, 20]",[cH]1:[cH]:[c]:[cH]:[cH]:[c]:1,[OH]-[c]1:[cH]:[cH]:[c]:[cH]:[cH]:1,[C]-[CH3],472,side_chain,side_chain,not_benzene
OC(=O)c1cc(ccc1)C(=O)O.Oc1ccc(cc1)C(C)(C)c2ccc(cc2)O,"[3, 4, 5, 6, 7, 8]","[12, 13, 14, 15, 16, 17, 18]","[19, 20]",[c]1:[cH]:[c]:[cH]:[cH]:[cH]:1,[OH]-[c]1:[cH]:[cH]:[c]:[cH]:[cH]:1,[C]-[CH3],462,side_chain,side_chain,not_benzene
C1C(CO1)(CCl)CCl,"[0, 2, 3]","[4, 5]","[0, 1, 2, 4, 6]",[CH2]-[O]-[CH2],[CH2]-[Cl],[CH2]-[C](-[CH2])(-[CH2])-[CH2],272,not_benzene,not_benzene,not_benzene
C1CCO1,"[0, 2, 3]","[0, 1, 2]","[1, 2, 3]",[CH2]-[O]-[CH2],[CH2]-[CH2]-[CH2],[CH2]-[CH2]-[O],197,not_benzene,not_benzene,not_benzene
C1CCCO1,"[0, 3, 4]","[0, 1, 2]","[2, 3, 4]",[CH2]-[O]-[CH2],[CH2]-[CH2]-[CH2],[CH2]-[CH2]-[O],189,not_benzene,not_benzene,not_benzene
CC1CO1,"[1, 2, 3]","[0, 1]","[0, 1, 2, 3]",[CH]1-[CH2]-[O]-1,[CH3]-[CH],[CH3]-[CH]1-[CH2]-[O]-1,200,not_benzene,not_benzene,not_benzene
C1COCO1,"[1, 2, 3]","[0, 1, 2]","[0, 1, 2, 3, 4]",[CH2]-[O]-[CH2],[CH2]-[CH2]-[O],[CH2]1-[CH2]-[O]-[CH2]-[O]-1,209,not_benzene,not_benzene,not_benzene
CCCCCCOCC1CO1,"[5, 6, 7]","[8, 9, 10]","[1, 2, 3, 4, 5]",[CH2]-[O]-[CH2],[CH]1-[CH2]-[O]-1,[CH2]-[CH2]-[CH2]-[CH2]-[CH2],189,not_benzene,not_benzene,not_benzene
COCC1CO1,"[0, 1, 2]","[3, 4, 5]","[0, 1]",[CH3]-[O]-[CH2],[CH]1-[CH2]-[O]-1,[CH3]-[O],211,not_benzene,not_benzene,not_benzene
C1CCCCOC1,"[4, 5, 6]","[0, 1, 2]","[3, 4, 5]",[CH2]-[O]-[CH2],[CH2]-[CH2]-[CH2],[CH2]-[CH2]-[O],204,not_benzene,not_benzene,not_benzene
O1CC1,"[0, 1, 2]",[-1],[-1],[CH2]1-[CH2]-[O]-1,[O]1-[CH2]-[CH2]-1,[CH2]1-[CH2]-[O]-1,225,not_benzene,not_benzene,not_benzene
ClCC1CO1,"[2, 3, 4]","[0, 1]","[1, 2, 3, 4]",[CH]1-[CH2]-[O]-1,[CH2]-[Cl],[CH2]-[CH]1-[CH2]-[O]-1,252,not_benzene,not_benzene,not_benzene
CCCCOCC1CO1,"[3, 4, 5]","[6, 7, 8]","[1, 2, 3]",[CH2]-[O]-[CH2],[CH]1-[CH2]-[O]-1,[CH2]-[CH2]-[CH2],194,not_benzene,not_benzene,not_benzene
C=O,"[0, 1]",[-1],[-1],[CH2]=[O],[CH2]=[O],[O]=[CH2],211,not_benzene,not_benzene,not_benzene
C=CC=C,"[0, 1]","[0, 1, 2]","[0, 1, 2, 3]",[CH2]=[CH],[CH]-[CH]=[CH2],[CH2]=[CH]-[CH]=[CH2],268,not_benzene,not_benzene,not_benzene
CCC=CC=C,"[4, 5]","[0, 1]","[1, 2, 3]",[CH]=[CH2],[CH3]-[CH2],[CH]=[CH]-[CH2],197,not_benzene,not_benzene,not_benzene
CC=CC=C,"[3, 4]","[0, 1]","[0, 1, 2]",[CH]=[CH2],[CH]-[CH3],[CH]=[CH]-[CH3],204,not_benzene,not_benzene,not_benzene
C1CC=CC1,"[1, 2, 3]","[0, 1, 4]","[0, 1, 2]",[CH]=[CH]-[CH2],[CH2]-[CH2]-[CH2],[CH]-[CH2]-[CH2],178,not_benzene,not_benzene,not_benzene
NCCCCCCCCCN.ClC(=O)c1ccc(cc1)C(=O)Cl,"[14, 15, 16, 17, 18, 19]","[1, 2, 3, 4, 5]","[1, 2, 3]",[cH]1:[cH]:[c]:[cH]:[cH]:[c]:1,[CH2]-[CH2]-[CH2]-[CH2]-[CH2],[CH2]-[CH2]-[CH2],394,side_chain,not_benzene,not_benzene
OC(=O)CCCCCCCCC(=O)O.NCCCCCCCCCCN,"[3, 4, 5, 6, 7]","[3, 4, 5]","[0, 1, 2, 3]",[CH2]-[CH2]-[CH2]-[CH2]-[CH2],[CH2]-[CH2]-[CH2],[CH2]-[C](=[O])-[OH],323,not_benzene,not_benzene,not_benzene
NCCCCCCN.OC(=O)CCCCCCCCCCC(=O)O,"[1, 2, 3, 4, 5]","[1, 2, 3]","[8, 9, 10, 11]",[CH2]-[CH2]-[CH2]-[CH2]-[CH2],[CH2]-[CH2]-[CH2],[CH2]-[C](=[O])-[OH],319,not_benzene,not_benzene,not_benzene
OC(=O)CCCCCCCCC(=O)O.NCCCCCCN,"[3, 4, 5, 6, 7]","[3, 4, 5]","[0, 1, 2, 3]",[CH2]-[CH2]-[CH2]-[CH2]-[CH2],[CH2]-[CH2]-[CH2],[CH2]-[C](=[O])-[OH],323,not_benzene,not_benzene,not_benzene
OC(=O)CCCCCCCC(=O)O.NCCCCCCN,"[3, 4, 5, 6, 7]","[3, 4, 5]","[0, 1, 2, 3]",[CH2]-[CH2]-[CH2]-[CH2]-[CH2],[CH2]-[CH2]-[CH2],[CH2]-[C](=[O])-[OH],332,not_benzene,not_benzene,not_benzene
NCCCCCCN.OC(=O)CCCCC(=O)O,"[1, 2, 3, 4, 5]","[1, 2, 3]","[8, 9, 10, 11]",[CH2]-[CH2]-[CH2]-[CH2]-[CH2],[CH2]-[CH2]-[CH2],[CH2]-[C](=[O])-[OH],324,not_benzene,not_benzene,not_benzene
NCCCCCCCCCCCC(=O)O,"[1, 2, 3, 4, 5]","[1, 2, 3]","[11, 12, 13, 14]",[CH2]-[CH2]-[CH2]-[CH2]-[CH2],[CH2]-[CH2]-[CH2],[CH2]-[C](=[O])-[OH],313,not_benzene,not_benzene,not_benzene
NCCCCCCCCCC(=O)O,"[1, 2, 3, 4, 5]","[1, 2, 3]","[9, 10, 11, 12]",[CH2]-[CH2]-[CH2]-[CH2]-[CH2],[CH2]-[CH2]-[CH2],[CH2]-[C](=[O])-[OH],315,not_benzene,not_benzene,not_benzene
O=C1CCCCCCCN1,"[0, 1, 2, 9]","[0, 1]","[2, 3, 4]",[CH2]-[C](-[NH])=[O],[C]=[O],[CH2]-[CH2]-[CH2],324,not_benzene,not_benzene,not_benzene
O=C1CCCCCN1,"[0, 1, 2, 7]","[0, 1]","[2, 3, 4]",[CH2]-[C](-[NH])=[O],[C]=[O],[CH2]-[CH2]-[CH2],324,not_benzene,not_benzene,not_benzene
C1CNC1=O,"[0, 2, 3, 4]","[3, 4]","[0, 1, 2, 3, 4]",[CH2]-[C](-[NH])=[O],[C]=[O],[O]=[C]1-[CH2]-[CH2]-[NH]-1,384,not_benzene,not_benzene,not_benzene
C=CC(=O)Nc1ccccc1,"[5, 6, 7, 8, 9, 10]","[0, 1]","[1, 2, 3, 4]",[cH]1:[cH]:[c]:[cH]:[cH]:[cH]:1,[CH2]=[CH],[CH]-[C](-[NH])=[O],425,main_chain,not_benzene,not_benzene
CCC=C,"[2, 3]","[0, 1]","[1, 2, 3]",[CH]=[CH2],[CH3]-[CH2],[CH2]=[CH]-[CH2],245,not_benzene,not_benzene,not_benzene
CCCCC=C,"[4, 5]","[1, 2, 3]","[0, 1]",[CH]=[CH2],[CH2]-[CH2]-[CH2],[CH3]-[CH2],223,not_benzene,not_benzene,not_benzene
C=C,"[0, 1]",[-1],[-1],[CH2]=[CH2],[CH2]=[CH2],[CH2]=[CH2],200,not_benzene,not_benzene,not_benzene
CCCCCCCC=C,"[7, 8]","[1, 2, 3, 4, 5]","[1, 2, 3]",[CH]=[CH2],[CH2]-[CH2]-[CH2]-[CH2]-[CH2],[CH2]-[CH2]-[CH2],225,not_benzene,not_benzene,not_benzene
CCCCCCC=C,"[6, 7]","[1, 2, 3, 4, 5]","[1, 2, 3]",[CH]=[CH2],[CH2]-[CH2]-[CH2]-[CH2]-[CH2],[CH2]-[CH2]-[CH2],218,not_benzene,not_benzene,not_benzene
CC(=C)C,"[1, 2]","[0, 1, 2, 3]","[0, 1]",[C]=[CH2],[CH2]=[C](-[CH3])-[CH3],[C]-[CH3],202,not_benzene,not_benzene,not_benzene
C=CCC(C)C,"[0, 1]","[3, 4]","[0, 1, 2]",[CH2]=[CH],[CH]-[CH3],[CH2]=[CH]-[CH2],302,not_benzene,not_benzene,not_benzene
C=CC(C)C,"[0, 1]","[2, 3]","[0, 1, 2]",[CH2]=[CH],[CH]-[CH3],[CH2]=[CH]-[CH],292,not_benzene,not_benzene,not_benzene
C=C(C)CC,"[0, 1]","[0, 1, 2, 3]","[1, 2]",[CH2]=[C],[CH2]=[C](-[CH3])-[CH2],[C]-[CH3],255,not_benzene,not_benzene,not_benzene
CCCCCCCCC=C,"[8, 9]","[1, 2, 3, 4, 5]","[1, 2, 3]",[CH]=[CH2],[CH2]-[CH2]-[CH2]-[CH2]-[CH2],[CH2]-[CH2]-[CH2],230,not_benzene,not_benzene,not_benzene
CCCCCC=C,"[5, 6]","[1, 2, 3]","[0, 1]",[CH]=[CH2],[CH2]-[CH2]-[CH2],[CH3]-[CH2],230,not_benzene,not_benzene,not_benzene
CC=C,"[1, 2]","[0, 1]","[0, 1, 2]",[CH]=[CH2],[CH]-[CH3],[CH2]=[CH]-[CH3],264,not_benzene,not_benzene,not_benzene
CCCC=C,"[3, 4]","[0, 1]","[2, 3, 4]",[CH]=[CH2],[CH3]-[CH2],[CH2]=[CH]-[CH2],238,not_benzene,not_benzene,not_benzene
C=CC(C)(C)C,"[0, 1]","[2, 3]","[0, 1, 2]",[CH2]=[CH],[C]-[CH3],[CH2]=[CH]-[C],337,not_benzene,not_benzene,not_benzene
C=CCC=C,"[1, 2, 3]","[0, 1]","[0, 1, 2]",[CH]-[CH2]-[CH],[CH2]=[CH],[CH2]=[CH]-[CH2],208,not_benzene,not_benzene,not_benzene
Brc1ccc(cc1)Br,"[1, 2, 3, 4, 5, 6]","[1, 2, 3, 4, 5, 6, 7]",[0],[cH]1:[cH]:[c]:[cH]:[cH]:[c]:1,[Br]-[c]1:[cH]:[cH]:[c]:[cH]:[cH]:1,[Br],538,main_chain,main_chain,not_benzene
Brc1ccc(cc1)Br.C=C,"[1, 2, 3, 4, 5, 6]","[8, 9]","[1, 2, 3, 4, 5, 6, 7]",[cH]1:[cH]:[c]:[cH]:[cH]:[c]:1,[CH2]=[CH2],[Br]-[c]1:[cH]:[cH]:[c]:[cH]:[cH]:1,353,side_chain,not_benzene,side_chain
C1Cc2ccc(cc2)CCc2ccc1cc2,"[0, 1, 2, 3, 4, 5, 6, 7, 8, 9, 10, 11, 12, 13, 14, 15]",[-1],[-1],[cH]1:[cH]:[c]2:[cH]:[cH]:[c]:1-[CH2]-[CH2]-[c]1:[cH]:[cH]:[c](:[cH]:[cH]:1)-[CH2]-[CH2]-2,[c]12-[CH2]-[CH2]-[c]3:[cH]:[cH]:[c](-[CH2]-[CH2]-[c](:[cH]:[cH]:1):[cH]:[cH]:2):[cH]:[cH]:3,[cH]1:[cH]:[c]2-[CH2]-[CH2]-[c]3:[cH]:[cH]:[c](:[cH]:[cH]:3)-[CH2]-[CH2]-[c]:1:[cH]:[cH]:2,343,main_chain,side_chain,side_chain
Clc1cc2CCc3ccc(CCc1cc2)cc3Cl,"[1, 2, 3, 4, 5, 6, 7, 8, 9, 10, 11, 12, 13, 14, 15, 16]","[0, 1, 2, 3, 4, 5, 6, 7, 8, 9, 10, 11, 12, 13, 14, 15, 16]",[-1],[c]1:[cH]:[c]2:[cH]:[cH]:[c]:1-[CH2]-[CH2]-[c]1:[cH]:[cH]:[c](:[c]:[cH]:1)-[CH2]-[CH2]-2,[Cl]-[c]1:[cH]:[c]2:[cH]:[cH]:[c]:1-[CH2]-[CH2]-[c]1:[cH]:[cH]:[c](:[c]:[cH]:1)-[CH2]-[CH2]-2,[cH]1:[c]2:[c](-[Cl]):[cH]:[c](:[cH]:1)-[CH2]-[CH2]-[c]1:[cH]:[cH]:[c](:[cH]:[c]:1-[Cl])-[CH2]-[CH2]-2,358,main_chain,main_chain,side_chain
CC(c1ccc(cc1)O)(c1ccc(cc1)O)C.ClC(=O)Cl,"[2, 3, 4, 5, 6, 7]","[2, 3, 4, 5, 6, 7, 8]","[17, 18, 19, 20]",[cH]1:[cH]:[c]:[cH]:[cH]:[c]:1,[OH]-[c]1:[cH]:[cH]:[c]:[cH]:[cH]:1,[O]=[C](-[Cl])-[Cl],430,side_chain,side_chain,not_benzene
Oc1ccc(cc1)Sc1ccc(cc1)O.ClC(=O)C,"[1, 2, 3, 4, 5, 6]","[0, 1, 2, 3, 4, 5, 6]","[15, 16, 17, 18]",[cH]1:[cH]:[c]:[cH]:[cH]:[c]:1,[OH]-[c]1:[cH]:[cH]:[c]:[cH]:[cH]:1,[CH3]-[C](=[O])-[Cl],386,side_chain,side_chain,not_benzene
CCC(c1ccc(cc1)O)(c1ccc(cc1)O)C.ClC(=O)Cl,"[3, 4, 5, 6, 7, 8]","[3, 4, 5, 6, 7, 8, 9]","[18, 19, 20, 21]",[cH]1:[cH]:[c]:[cH]:[cH]:[c]:1,[OH]-[c]1:[cH]:[cH]:[c]:[cH]:[cH]:1,[O]=[C](-[Cl])-[Cl],415,side_chain,side_chain,not_benzene
Oc1ccc(cc1)Cc1ccc(cc1)O.ClC(=O)Cl,"[1, 2, 3, 4, 5, 6]","[0, 1, 2, 3, 4, 5, 6]","[15, 16, 17, 18]",[cH]1:[cH]:[c]:[cH]:[cH]:[c]:1,[OH]-[c]1:[cH]:[cH]:[c]:[cH]:[cH]:1,[O]=[C](-[Cl])-[Cl],407,side_chain,side_chain,not_benzene
O=C=O.C1CO1,"[0, 1, 2]","[3, 4, 5]","[0, 1]",[O]=[C]=[O],[CH2]1-[CH2]-[O]-1,[C]=[O],290,not_benzene,not_benzene,not_benzene
O=C=O.CC1CO1,"[0, 1, 2]","[4, 5, 6]","[3, 4]",[O]=[C]=[O],[CH]1-[CH2]-[O]-1,[CH3]-[CH],310,not_benzene,not_benzene,not_benzene
CC(c1cc(Cl)c(c(c1)Cl)O)(c1cc(Cl)c(c(c1)Cl)O)C.ClC(=O)Cl,"[2, 3, 4, 6, 7, 8]","[2, 3, 4, 6, 7, 8, 10]","[21, 22, 23, 24]",[c]1:[cH]:[c]:[cH]:[c]:[c]:1,[OH]-[c]1:[c]:[cH]:[c]:[cH]:[c]:1,[O]=[C](-[Cl])-[Cl],500,side_chain,side_chain,not_benzene
Oc1ccc(cc1)O.Clc1ccc(cc1)S(=O)(=O)c1ccc(cc1)Cl,"[1, 2, 3, 4, 5, 6]","[0, 1, 2, 3, 4, 5, 6]","[15, 16]",[cH]1:[cH]:[c]:[cH]:[cH]:[c]:1,[OH]-[c]1:[cH]:[cH]:[c]:[cH]:[cH]:1,[O]=[S],479,side_chain,side_chain,not_benzene
Clc1ccc(cc1)S(=O)(=O)c1ccc(cc1)Cl.Oc1ccc(cc1)S(=O)(=O)c1ccc(cc1)O,"[1, 2, 3, 4, 5, 6]","[17, 18, 19, 20, 21, 22, 23]","[7, 8]",[cH]1:[cH]:[c]:[cH]:[cH]:[c]:1,[OH]-[c]1:[cH]:[cH]:[c]:[cH]:[cH]:1,[O]=[S],489,side_chain,side_chain,not_benzene
Oc1ccc(cc1)c1ccc(cc1)O.Clc1ccc(cc1)S(=O)(=O)c1ccc(cc1)Cl,"[1, 2, 3, 4, 5, 6]","[0, 1, 2, 3, 4, 5, 6]","[21, 22]",[cH]1:[cH]:[c]:[cH]:[cH]:[c]:1,[OH]-[c]1:[cH]:[cH]:[c]:[cH]:[cH]:1,[O]=[S],482,side_chain,side_chain,not_benzene
CC(c1ccc(cc1)O)(c1ccc(cc1)O)C.Clc1ccc(cc1)S(=O)(=O)c1ccc(cc1)Cl,"[2, 3, 4, 5, 6, 7]","[2, 3, 4, 5, 6, 7, 8]","[0, 1]",[cH]1:[cH]:[c]:[cH]:[cH]:[c]:1,[OH]-[c]1:[cH]:[cH]:[c]:[cH]:[cH]:1,[CH3]-[C],459,side_chain,side_chain,not_benzene
CCCCOC=C,"[3, 4, 5]","[5, 6]","[1, 2, 3]",[CH]-[O]-[CH2],[CH]=[CH2],[CH2]-[CH2]-[CH2],220,not_benzene,not_benzene,not_benzene
CCOC=C,"[1, 2, 3]","[3, 4]","[0, 1]",[CH]-[O]-[CH2],[CH]=[CH2],[CH3]-[CH2],234,not_benzene,not_benzene,not_benzene
CCCCCCOC=C,"[5, 6, 7]","[7, 8]","[1, 2, 3, 4, 5]",[CH]-[O]-[CH2],[CH]=[CH2],[CH2]-[CH2]-[CH2]-[CH2]-[CH2],198,not_benzene,not_benzene,not_benzene
C=COCC(C)C,"[1, 2, 3]","[0, 1]","[4, 5]",[CH]-[O]-[CH2],[CH2]=[CH],[CH]-[CH3],255,not_benzene,not_benzene,not_benzene
C=COC(C)C,"[1, 2, 3]","[0, 1]","[3, 4]",[CH]-[O]-[CH],[CH2]=[CH],[CH]-[CH3],270,not_benzene,not_benzene,not_benzene
COC=C,"[0, 1, 2]","[2, 3]","[0, 1]",[CH]-[O]-[CH3],[CH]=[CH2],[CH3]-[O],245,not_benzene,not_benzene,not_benzene
CCCCCCCCOC=C,"[7, 8, 9]","[9, 10]","[1, 2, 3, 4, 5]",[CH]-[O]-[CH2],[CH]=[CH2],[CH2]-[CH2]-[CH2]-[CH2]-[CH2],193,not_benzene,not_benzene,not_benzene
CCCOC=C,"[2, 3, 4]","[4, 5]","[0, 1]",[CH]-[O]-[CH2],[CH]=[CH2],[CH3]-[CH2],224,not_benzene,not_benzene,not_benzene
CC(OC=C)CC,"[1, 2, 3]","[3, 4]","[0, 1]",[CH]-[O]-[CH],[CH]=[CH2],[CH3]-[CH],253,not_benzene,not_benzene,not_benzene
FC(=C(F)F)F,"[0, 1, 2, 5]","[0, 1]","[0, 1, 2, 3, 4, 5]",[C]=[C](-[F])-[F],[C]-[F],[F]-[C](-[F])=[C](-[F])-[F],390,not_benzene,not_benzene,not_benzene
BrC=C,"[1, 2]","[0, 1, 2]",[0],[CH]=[CH2],[CH2]=[CH]-[Br],[Br],373,not_benzene,not_benzene,not_benzene
FC=C,"[1, 2]","[0, 1]","[0, 1, 2]",[CH]=[CH2],[CH]-[F],[CH2]=[CH]-[F],300,not_benzene,not_benzene,not_benzene
C=Cc1ccc(cc1)Cl,"[2, 3, 4, 5, 6, 7]","[0, 1]","[0, 1, 2, 3, 4, 5, 6, 7]",[cH]1:[cH]:[c]:[cH]:[cH]:[c]:1,[CH2]=[CH],[CH2]=[CH]-[c]1:[cH]:[cH]:[c]:[cH]:[cH]:1,398,main_chain,not_benzene,main_chain
C=Cc1ccccc1Cl,"[2, 3, 4, 5, 6, 7]","[0, 1]","[0, 1, 2, 3, 4, 5, 6, 7]",[cH]1:[cH]:[c]:[c]:[cH]:[cH]:1,[CH2]=[CH],[CH2]=[CH]-[c]1:[cH]:[cH]:[cH]:[cH]:[c]:1,395,main_chain,not_benzene,main_chain
C=Cc1ccc(cc1)Br,"[2, 3, 4, 5, 6, 7]","[0, 1]","[2, 3, 4, 5, 6, 7, 8]",[cH]1:[cH]:[c]:[cH]:[cH]:[c]:1,[CH2]=[CH],[Br]-[c]1:[cH]:[cH]:[c]:[cH]:[cH]:1,411,main_chain,not_benzene,main_chain
ClC=C,"[1, 2]","[0, 1]","[0, 1, 2]",[CH]=[CH2],[CH]-[Cl],[CH2]=[CH]-[Cl],350,not_benzene,not_benzene,not_benzene
ClC(=C)Cl,"[1, 2]","[0, 1, 2, 3]","[0, 1]",[C]=[CH2],[CH2]=[C](-[Cl])-[Cl],[C]-[Cl],270,not_benzene,not_benzene,not_benzene
